id,category,body
1,technology,The chip design improves battery life by 20 percent.
2,technology,The chip design cuts inference cost by a wide margin.
3,technology,The startup's app reduces latency by in benchmark tests.
4,technology,The new smartphone lowers memory usage by in benchmark tests.
5,technology,The open-source library improves battery life by compared to last year's model.
6,technology,The cloud platform improves battery life by 20 percent.
7,technology,The new smartphone reduces latency by a wide margin.
8,technology,The open-source library increases throughput by 20 percent.
9,technology,The open-source library reduces latency by in benchmark tests.
10,technology,The chip design lowers memory usage by compared to last year's model.
11,technology,The cloud platform reduces latency by after the latest update.
12,technology,The open-source library cuts inference cost by 20 percent.
13,technology,The startup's app lowers memory usage by after the latest update.
14,technology,The ai model cuts inference cost by a wide margin.
15,technology,The startup's app cuts inference cost by 20 percent.
16,technology,The new smartphone speeds up builds by 20 percent.
17,technology,The ai model cuts inference cost by compared to last year's model.
18,technology,The ai model improves battery life by in benchmark tests.
19,technology,The cloud platform increases throughput by 20 percent.
20,technology,The cloud platform improves battery life by compared to last year's model.
21,technology,The ai model lowers memory usage by compared to last year's model.
22,technology,The ai model increases throughput by a wide margin.
23,technology,The chip design reduces latency by using a new caching layer.
24,technology,The new smartphone reduces latency by 20 percent.
25,technology,The cloud platform cuts inference cost by after the latest update.
26,technology,The chip design cuts inference cost by in benchmark tests.
27,technology,The chip design lowers memory usage by 20 percent.
28,technology,The open-source library lowers memory usage by a wide margin.
29,technology,The startup's app speeds up builds by after the latest update.
30,technology,The ai model lowers memory usage by in benchmark tests.
31,technology,The ai model improves battery life by a wide margin.
32,technology,The new smartphone cuts inference cost by after the latest update.
33,technology,The open-source library lowers memory usage by using a new caching layer.
34,technology,The cloud platform lowers memory usage by after the latest update.
35,technology,The startup's app cuts inference cost by a wide margin.
36,technology,The startup's app lowers memory usage by compared to last year's model.
37,technology,The open-source library cuts inference cost by in benchmark tests.
38,technology,The open-source library speeds up builds by compared to last year's model.
39,technology,The cloud platform cuts inference cost by a wide margin.
40,technology,The startup's app increases throughput by after the latest update.
41,technology,The new smartphone improves battery life by 20 percent.
42,technology,The startup's app lowers memory usage by a wide margin.
43,technology,The chip design speeds up builds by compared to last year's model.
44,technology,The new smartphone speeds up builds by after the latest update.
45,technology,The ai model increases throughput by 20 percent.
46,technology,The chip design increases throughput by using a new caching layer.
47,technology,The chip design cuts inference cost by 20 percent.
48,technology,The ai model speeds up builds by a wide margin.
49,technology,The cloud platform improves battery life by in benchmark tests.
50,technology,The chip design cuts inference cost by compared to last year's model.
51,technology,The startup's app increases throughput by 20 percent.
52,technology,The open-source library increases throughput by a wide margin.
53,technology,The open-source library cuts inference cost by after the latest update.
54,technology,The new smartphone improves battery life by using a new caching layer.
55,technology,The ai model reduces latency by 20 percent.
56,technology,The new smartphone lowers memory usage by after the latest update.
57,technology,The new smartphone increases throughput by a wide margin.
58,technology,The open-source library reduces latency by using a new caching layer.
59,technology,The open-source library increases throughput by after the latest update.
60,technology,The startup's app increases throughput by in benchmark tests.
61,technology,The chip design reduces latency by in benchmark tests.
62,technology,The ai model speeds up builds by in benchmark tests.
63,technology,The chip design cuts inference cost by after the latest update.
64,technology,The open-source library speeds up builds by 20 percent.
65,technology,The startup's app reduces latency by 20 percent.
66,technology,The ai model improves battery life by compared to last year's model.
67,technology,The open-source library reduces latency by compared to last year's model.
68,technology,The startup's app improves battery life by 20 percent.
69,technology,The startup's app cuts inference cost by in benchmark tests.
70,technology,The cloud platform reduces latency by compared to last year's model.
71,technology,The open-source library speeds up builds by a wide margin.
72,technology,The cloud platform speeds up builds by a wide margin.
73,technology,The new smartphone improves battery life by in benchmark tests.
74,technology,The cloud platform speeds up builds by in benchmark tests.
75,technology,The cloud platform lowers memory usage by using a new caching layer.
76,technology,The startup's app speeds up builds by a wide margin.
77,technology,The new smartphone speeds up builds by compared to last year's model.
78,technology,The open-source library improves battery life by 20 percent.
79,technology,The startup's app reduces latency by after the latest update.
80,technology,The cloud platform improves battery life by a wide margin.
81,sports,The marathon runner scored in the final minutes to win the regional qualifiers.
82,sports,The tennis champion suffered a setback during a tense semifinal.
83,sports,The marathon runner extended the winning streak with a photo finish.
84,sports,The rookie point guard extended the winning streak with a photo finish.
85,sports,The marathon runner broke the league record for consecutive assists.
86,sports,The tennis champion broke the league record for the derby match.
87,sports,The rookie point guard extended the winning streak with a dominant second half.
88,sports,The striker extended the winning streak with a tense semifinal.
89,sports,The striker scored in the final minutes to win a dominant second half.
90,sports,The marathon runner qualified for the finals following a dominant second half.
91,sports,The home team scored in the final minutes to win a dominant second half.
92,sports,The striker broke the league record for the derby match.
93,sports,The rookie point guard scored in the final minutes to win a photo finish.
94,sports,The home team suffered a setback during the derby match.
95,sports,The rookie point guard broke the league record for a dominant second half.
96,sports,The rookie point guard scored in the final minutes to win a dominant second half.
97,sports,The striker suffered a setback during a photo finish.
98,sports,The rookie point guard qualified for the finals following a dominant second half.
99,sports,The tennis champion was named most valuable player after consecutive assists.
100,sports,The national squad extended the winning streak with a tense semifinal.
101,sports,The home team was named most valuable player after the regional qualifiers.
102,sports,The home team extended the winning streak with a photo finish.
103,sports,The striker scored in the final minutes to win the regional qualifiers.
104,sports,The rookie point guard qualified for the finals following the derby match.
105,sports,The striker qualified for the finals following consecutive assists.
106,sports,The rookie point guard was named most valuable player after consecutive assists.
107,sports,The tennis champion scored in the final minutes to win consecutive assists.
108,sports,The marathon runner qualified for the finals following a photo finish.
109,sports,The tennis champion qualified for the finals following a photo finish.
110,sports,The rookie point guard was named most valuable player after a photo finish.
111,sports,The striker broke the league record for a tense semifinal.
112,sports,The striker scored in the final minutes to win a photo finish.
113,sports,The rookie point guard broke the league record for a tense semifinal.
114,sports,The tennis champion qualified for the finals following consecutive assists.
115,sports,The national squad was named most valuable player after consecutive assists.
116,sports,The rookie point guard suffered a setback during a tense semifinal.
117,sports,The marathon runner was named most valuable player after the derby match.
118,sports,The striker was named most valuable player after consecutive assists.
119,sports,The national squad suffered a setback during a dominant second half.
120,sports,The striker scored in the final minutes to win the derby match.
121,sports,The national squad broke the league record for a dominant second half.
122,sports,The striker was named most valuable player after a dominant second half.
123,sports,The rookie point guard broke the league record for the regional qualifiers.
124,sports,The home team scored in the final minutes to win a tense semifinal.
125,sports,The tennis champion scored in the final minutes to win a tense semifinal.
126,sports,The home team extended the winning streak with consecutive assists.
127,sports,The national squad scored in the final minutes to win a tense semifinal.
128,sports,The rookie point guard suffered a setback during a dominant second half.
129,sports,The national squad broke the league record for consecutive assists.
130,sports,The home team broke the league record for the regional qualifiers.
131,sports,The striker broke the league record for a photo finish.
132,sports,The tennis champion suffered a setback during a photo finish.
133,sports,The national squad broke the league record for a tense semifinal.
134,sports,The home team extended the winning streak with the derby match.
135,sports,The home team scored in the final minutes to win a photo finish.
136,sports,The home team suffered a setback during a tense semifinal.
137,sports,The tennis champion extended the winning streak with a dominant second half.
138,sports,The marathon runner extended the winning streak with a dominant second half.
139,sports,The tennis champion scored in the final minutes to win the derby match.
140,sports,The tennis champion broke the league record for a dominant second half.
141,sports,The national squad was named most valuable player after the regional qualifiers.
142,sports,The marathon runner qualified for the finals following consecutive assists.
143,sports,The tennis champion scored in the final minutes to win a photo finish.
144,sports,The marathon runner scored in the final minutes to win a dominant second half.
145,sports,The national squad extended the winning streak with a photo finish.
146,sports,The marathon runner was named most valuable player after the regional qualifiers.
147,sports,The national squad was named most valuable player after a dominant second half.
148,sports,The national squad suffered a setback during a photo finish.
149,sports,The rookie point guard was named most valuable player after the regional qualifiers.
150,sports,The rookie point guard scored in the final minutes to win a tense semifinal.
151,sports,The tennis champion broke the league record for the regional qualifiers.
152,sports,The rookie point guard qualified for the finals following a photo finish.
153,sports,The tennis champion suffered a setback during the regional qualifiers.
154,sports,The marathon runner extended the winning streak with consecutive assists.
155,sports,The rookie point guard suffered a setback during a photo finish.
156,sports,The national squad qualified for the finals following a tense semifinal.
157,sports,The tennis champion broke the league record for consecutive assists.
158,sports,The home team scored in the final minutes to win the derby match.
159,sports,The home team suffered a setback during a dominant second half.
160,sports,The striker suffered a setback during the regional qualifiers.
161,finance,The pension fund hit a new high driven by strong earnings.
162,finance,The pension fund faced pressure due to a weaker jobs report.
163,finance,The housing market stabilized despite strong earnings.
164,finance,The tech stock faced pressure due to supply chain disruptions.
165,finance,The central bank raised interest rates after a weaker jobs report.
166,finance,The tech stock rallied following supply chain disruptions.
167,finance,The currency stabilized despite inflation concerns.
168,finance,The currency rallied following inflation concerns.
169,finance,The housing market rallied following a weaker jobs report.
170,finance,The pension fund hit a new high driven by investor optimism.
171,finance,The currency dropped sharply amid a weaker jobs report.
172,finance,The currency faced pressure due to investor optimism.
173,finance,The housing market hit a new high driven by a weaker jobs report.
174,finance,The tech stock faced pressure due to a weaker jobs report.
175,finance,The housing market dropped sharply amid strong earnings.
176,finance,The pension fund dropped sharply amid investor optimism.
177,finance,The housing market faced pressure due to strong earnings.
178,finance,The startup's valuation stabilized despite inflation concerns.
179,finance,The pension fund dropped sharply amid strong earnings.
180,finance,The startup's valuation dropped sharply amid regulatory uncertainty.
181,finance,The currency raised interest rates after strong earnings.
182,finance,The tech stock rallied following a weaker jobs report.
183,finance,The pension fund rallied following supply chain disruptions.
184,finance,The tech stock raised interest rates after a weaker jobs report.
185,finance,The housing market dropped sharply amid investor optimism.
186,finance,The housing market stabilized despite inflation concerns.
187,finance,The tech stock stabilized despite a weaker jobs report.
188,finance,The currency faced pressure due to inflation concerns.
189,finance,The currency stabilized despite a weaker jobs report.
190,finance,The central bank dropped sharply amid regulatory uncertainty.
191,finance,The housing market stabilized despite investor optimism.
192,finance,The pension fund faced pressure due to investor optimism.
193,finance,The currency rallied following a weaker jobs report.
194,finance,The tech stock dropped sharply amid a weaker jobs report.
195,finance,The housing market raised interest rates after a weaker jobs report.
196,finance,The startup's valuation faced pressure due to supply chain disruptions.
197,finance,The housing market rallied following investor optimism.
198,finance,The currency raised interest rates after a weaker jobs report.
199,finance,The currency hit a new high driven by supply chain disruptions.
200,finance,The central bank raised interest rates after supply chain disruptions.
201,finance,The tech stock raised interest rates after regulatory uncertainty.
202,finance,The housing market dropped sharply amid regulatory uncertainty.
203,finance,The housing market dropped sharply amid a weaker jobs report.
204,finance,The startup's valuation raised interest rates after a weaker jobs report.
205,finance,The central bank faced pressure due to investor optimism.
206,finance,The central bank dropped sharply amid strong earnings.
207,finance,The pension fund raised interest rates after supply chain disruptions.
208,finance,The central bank raised interest rates after strong earnings.
209,finance,The tech stock raised interest rates after investor optimism.
210,finance,The tech stock rallied following strong earnings.
211,finance,The housing market faced pressure due to inflation concerns.
212,finance,The pension fund dropped sharply amid regulatory uncertainty.
213,finance,The tech stock hit a new high driven by investor optimism.
214,finance,The pension fund faced pressure due to inflation concerns.
215,finance,The tech stock dropped sharply amid inflation concerns.
216,finance,The currency raised interest rates after regulatory uncertainty.
217,finance,The currency faced pressure due to a weaker jobs report.
218,finance,The central bank hit a new high driven by supply chain disruptions.
219,finance,The pension fund rallied following inflation concerns.
220,finance,The pension fund dropped sharply amid supply chain disruptions.
221,finance,The currency raised interest rates after investor optimism.
222,finance,The central bank dropped sharply amid investor optimism.
223,finance,The housing market faced pressure due to regulatory uncertainty.
224,finance,The startup's valuation faced pressure due to a weaker jobs report.
225,finance,The pension fund rallied following a weaker jobs report.
226,finance,The tech stock faced pressure due to investor optimism.
227,finance,The housing market faced pressure due to investor optimism.
228,finance,The startup's valuation dropped sharply amid strong earnings.
229,finance,The central bank dropped sharply amid a weaker jobs report.
230,finance,The tech stock stabilized despite investor optimism.
231,finance,The startup's valuation rallied following a weaker jobs report.
232,finance,The tech stock dropped sharply amid regulatory uncertainty.
233,finance,The startup's valuation dropped sharply amid investor optimism.
234,finance,The central bank hit a new high driven by strong earnings.
235,finance,The central bank rallied following supply chain disruptions.
236,finance,The housing market raised interest rates after inflation concerns.
237,finance,The pension fund rallied following regulatory uncertainty.
238,finance,The pension fund hit a new high driven by regulatory uncertainty.
239,finance,The housing market hit a new high driven by investor optimism.
240,finance,The startup's valuation stabilized despite supply chain disruptions.
241,health,The nutrition guideline was approved for use in post-operative care.
242,health,The surgery technique improved early detection of post-operative care.
243,health,The hospital study was approved for use in chronic conditions.
244,health,The clinical trial lowered risk factors linked to chronic conditions.
245,health,The hospital study showed promising results for pediatric cases.
246,health,The nutrition guideline lowered risk factors linked to chronic conditions.
247,health,The new vaccine reduced recovery time in pediatric cases.
248,health,The wearable device was approved for use in pediatric cases.
249,health,The nutrition guideline cut hospital readmissions for cardiovascular disease.
250,health,The hospital study showed promising results for chronic conditions.
251,health,The hospital study reduced recovery time in post-operative care.
252,health,The new vaccine was approved for use in elderly patients.
253,health,The surgery technique cut hospital readmissions for chronic conditions.
254,health,The hospital study showed promising results for elderly patients.
255,health,The nutrition guideline was approved for use in pediatric cases.
256,health,The new vaccine lowered risk factors linked to seasonal outbreaks.
257,health,The clinical trial showed promising results for cardiovascular disease.
258,health,The hospital study improved early detection of seasonal outbreaks.
259,health,The wearable device was approved for use in chronic conditions.
260,health,The clinical trial was approved for use in seasonal outbreaks.
261,health,The clinical trial showed promising results for seasonal outbreaks.
262,health,The wearable device showed promising results for cardiovascular disease.
263,health,The surgery technique lowered risk factors linked to elderly patients.
264,health,The new vaccine reduced recovery time in cardiovascular disease.
265,health,The clinical trial cut hospital readmissions for seasonal outbreaks.
266,health,The new vaccine cut hospital readmissions for seasonal outbreaks.
267,health,The wearable device improved early detection of post-operative care.
268,health,The nutrition guideline improved early detection of post-operative care.
269,health,The nutrition guideline cut hospital readmissions for elderly patients.
270,health,The nutrition guideline lowered risk factors linked to elderly patients.
271,health,The new vaccine lowered risk factors linked to chronic conditions.
272,health,The hospital study lowered risk factors linked to elderly patients.
273,health,The new vaccine reduced recovery time in chronic conditions.
274,health,The nutrition guideline showed promising results for chronic conditions.
275,health,The clinical trial improved early detection of seasonal outbreaks.
276,health,The surgery technique cut hospital readmissions for seasonal outbreaks.
277,health,The hospital study lowered risk factors linked to post-operative care.
278,health,The surgery technique improved early detection of elderly patients.
279,health,The surgery technique reduced recovery time in post-operative care.
280,health,The surgery technique cut hospital readmissions for pediatric cases.
281,health,The new vaccine improved early detection of elderly patients.
282,health,The nutrition guideline reduced recovery time in pediatric cases.
283,health,The new vaccine was approved for use in chronic conditions.
284,health,The clinical trial showed promising results for chronic conditions.
285,health,The hospital study cut hospital readmissions for pediatric cases.
286,health,The nutrition guideline was approved for use in seasonal outbreaks.
287,health,The clinical trial improved early detection of pediatric cases.
288,health,The hospital study lowered risk factors linked to seasonal outbreaks.
289,health,The hospital study cut hospital readmissions for cardiovascular disease.
290,health,The wearable device improved early detection of elderly patients.
291,health,The nutrition guideline showed promising results for seasonal outbreaks.
292,health,The surgery technique was approved for use in cardiovascular disease.
293,health,The new vaccine lowered risk factors linked to cardiovascular disease.
294,health,The nutrition guideline showed promising results for pediatric cases.
295,health,The hospital study cut hospital readmissions for elderly patients.
296,health,The new vaccine improved early detection of cardiovascular disease.
297,health,The wearable device was approved for use in seasonal outbreaks.
298,health,The hospital study was approved for use in pediatric cases.
299,health,The clinical trial reduced recovery time in post-operative care.
300,health,The wearable device lowered risk factors linked to seasonal outbreaks.
301,health,The clinical trial was approved for use in post-operative care.
302,health,The hospital study showed promising results for seasonal outbreaks.
303,health,The nutrition guideline improved early detection of seasonal outbreaks.
304,health,The clinical trial reduced recovery time in cardiovascular disease.
305,health,The hospital study cut hospital readmissions for seasonal outbreaks.
306,health,The new vaccine was approved for use in cardiovascular disease.
307,health,The new vaccine was approved for use in seasonal outbreaks.
308,health,The clinical trial lowered risk factors linked to cardiovascular disease.
309,health,The nutrition guideline improved early detection of elderly patients.
310,health,The new vaccine showed promising results for seasonal outbreaks.
311,health,The wearable device lowered risk factors linked to post-operative care.
312,health,The nutrition guideline lowered risk factors linked to post-operative care.
313,health,The wearable device improved early detection of seasonal outbreaks.
314,health,The new vaccine improved early detection of chronic conditions.
315,health,The nutrition guideline cut hospital readmissions for pediatric cases.
316,health,The new vaccine showed promising results for post-operative care.
317,health,The wearable device was approved for use in cardiovascular disease.
318,health,The hospital study showed promising results for post-operative care.
319,health,The nutrition guideline lowered risk factors linked to seasonal outbreaks.
320,health,The wearable device was approved for use in post-operative care.
321,food,The farmers market vendor revived a traditional dish with artisan bread.
322,food,The home cook shared a recipe using a family recipe.
323,food,The pop-up stand won an award for regional spices.
324,food,The home cook won an award for artisan bread.
325,food,The local bakery shared a recipe using plant-based alternatives.
326,food,The home cook experimented with a fusion of artisan bread.
327,food,The home cook experimented with a fusion of plant-based alternatives.
328,food,The food critic sold out quickly of locally sourced vegetables.
329,food,The food critic revived a traditional dish with regional spices.
330,food,The restaurant chain introduced a seasonal menu featuring artisan bread.
331,food,The local bakery revived a traditional dish with artisan bread.
332,food,The local bakery experimented with a fusion of a family recipe.
333,food,The home cook experimented with a fusion of a family recipe.
334,food,The local bakery sold out quickly of fermented ingredients.
335,food,The restaurant chain revived a traditional dish with plant-based alternatives.
336,food,The home cook experimented with a fusion of locally sourced vegetables.
337,food,The restaurant chain experimented with a fusion of regional spices.
338,food,The home cook shared a recipe using plant-based alternatives.
339,food,The pop-up stand sold out quickly of regional spices.
340,food,The local bakery revived a traditional dish with locally sourced vegetables.
341,food,The food critic experimented with a fusion of plant-based alternatives.
342,food,The restaurant chain won an award for plant-based alternatives.
343,food,The local bakery sold out quickly of locally sourced vegetables.
344,food,The pop-up stand experimented with a fusion of locally sourced vegetables.
345,food,The home cook won an award for plant-based alternatives.
346,food,The restaurant chain introduced a seasonal menu featuring locally sourced vegetables.
347,food,The restaurant chain introduced a seasonal menu featuring fermented ingredients.
348,food,The restaurant chain shared a recipe using artisan bread.
349,food,The food critic won an award for regional spices.
350,food,The home cook revived a traditional dish with plant-based alternatives.
351,food,The food critic won an award for a family recipe.
352,food,The farmers market vendor experimented with a fusion of a family recipe.
353,food,The home cook revived a traditional dish with a family recipe.
354,food,The food critic sold out quickly of plant-based alternatives.
355,food,The restaurant chain sold out quickly of fermented ingredients.
356,food,The pop-up stand introduced a seasonal menu featuring artisan bread.
357,food,The food critic introduced a seasonal menu featuring artisan bread.
358,food,The restaurant chain revived a traditional dish with fermented ingredients.
359,food,The pop-up stand sold out quickly of plant-based alternatives.
360,food,The food critic sold out quickly of artisan bread.
361,food,The local bakery won an award for artisan bread.
362,food,The farmers market vendor shared a recipe using regional spices.
363,food,The restaurant chain experimented with a fusion of fermented ingredients.
364,food,The local bakery experimented with a fusion of artisan bread.
365,food,The restaurant chain introduced a seasonal menu featuring regional spices.
366,food,The farmers market vendor experimented with a fusion of artisan bread.
367,food,The restaurant chain won an award for regional spices.
368,food,The food critic revived a traditional dish with fermented ingredients.
369,food,The pop-up stand experimented with a fusion of plant-based alternatives.
370,food,The pop-up stand won an award for plant-based alternatives.
371,food,The local bakery experimented with a fusion of plant-based alternatives.
372,food,The local bakery shared a recipe using artisan bread.
373,food,The local bakery revived a traditional dish with fermented ingredients.
374,food,The pop-up stand won an award for locally sourced vegetables.
375,food,The restaurant chain shared a recipe using plant-based alternatives.
376,food,The home cook won an award for a family recipe.
377,food,The farmers market vendor revived a traditional dish with fermented ingredients.
378,food,The food critic shared a recipe using artisan bread.
379,food,The food critic won an award for plant-based alternatives.
380,food,The pop-up stand experimented with a fusion of artisan bread.
381,food,The farmers market vendor shared a recipe using locally sourced vegetables.
382,food,The home cook introduced a seasonal menu featuring fermented ingredients.
383,food,The farmers market vendor introduced a seasonal menu featuring artisan bread.
384,food,The restaurant chain experimented with a fusion of plant-based alternatives.
385,food,The pop-up stand shared a recipe using regional spices.
386,food,The home cook experimented with a fusion of fermented ingredients.
387,food,The home cook introduced a seasonal menu featuring regional spices.
388,food,The food critic experimented with a fusion of locally sourced vegetables.
389,food,The restaurant chain experimented with a fusion of artisan bread.
390,food,The local bakery won an award for locally sourced vegetables.
391,food,The local bakery introduced a seasonal menu featuring a family recipe.
392,food,The farmers market vendor won an award for artisan bread.
393,food,The pop-up stand experimented with a fusion of regional spices.
394,food,The pop-up stand won an award for artisan bread.
395,food,The farmers market vendor sold out quickly of fermented ingredients.
396,food,The local bakery experimented with a fusion of fermented ingredients.
397,food,The food critic shared a recipe using locally sourced vegetables.
398,food,The pop-up stand shared a recipe using locally sourced vegetables.
399,food,The pop-up stand revived a traditional dish with locally sourced vegetables.
400,food,The local bakery shared a recipe using a family recipe.
401,travel,The coastal town became popular with hikers due to a viral social media post.
402,travel,The budget airline became popular with hikers due to a viral social media post.
403,travel,The train route saw a surge in visitors after a viral social media post.
404,travel,The mountain trail saw a surge in visitors after scenic overlooks.
405,travel,The budget airline reopened following renovations near a viral social media post.
406,travel,The coastal town became popular with hikers due to the historic district.
407,travel,The coastal town added a new route connecting a remote archipelago.
408,travel,The budget airline saw a surge in visitors after two major cities.
409,travel,The mountain trail added a new route connecting a viral social media post.
410,travel,The island resort offered discounted packages for scenic overlooks.
411,travel,The budget airline extended service to reach two major cities.
412,travel,The boutique hotel offered discounted packages for the historic district.
413,travel,The train route became popular with hikers due to two major cities.
414,travel,The boutique hotel became popular with hikers due to a viral social media post.
415,travel,The train route added a new route connecting a remote archipelago.
416,travel,The island resort became popular with hikers due to the historic district.
417,travel,The boutique hotel extended service to reach two major cities.
418,travel,The budget airline offered discounted packages for the off-season.
419,travel,The boutique hotel extended service to reach the off-season.
420,travel,The budget airline added a new route connecting the historic district.
421,travel,The train route saw a surge in visitors after two major cities.
422,travel,The coastal town reopened following renovations near scenic overlooks.
423,travel,The island resort became popular with hikers due to scenic overlooks.
424,travel,The island resort reopened following renovations near the off-season.
425,travel,The train route became popular with hikers due to the historic district.
426,travel,The boutique hotel became popular with hikers due to scenic overlooks.
427,travel,The boutique hotel added a new route connecting a remote archipelago.
428,travel,The budget airline extended service to reach a remote archipelago.
429,travel,The train route extended service to reach a viral social media post.
430,travel,The boutique hotel offered discounted packages for a viral social media post.
431,travel,The boutique hotel reopened following renovations near the off-season.
432,travel,The boutique hotel offered discounted packages for a remote archipelago.
433,travel,The budget airline reopened following renovations near the off-season.
434,travel,The mountain trail extended service to reach the historic district.
435,travel,The mountain trail saw a surge in visitors after a remote archipelago.
436,travel,The boutique hotel added a new route connecting two major cities.
437,travel,The budget airline added a new route connecting the off-season.
438,travel,The budget airline became popular with hikers due to scenic overlooks.
439,travel,The train route reopened following renovations near a remote archipelago.
440,travel,The budget airline offered discounted packages for the historic district.
441,travel,The island resort offered discounted packages for a remote archipelago.
442,travel,The budget airline reopened following renovations near scenic overlooks.
443,travel,The mountain trail reopened following renovations near two major cities.
444,travel,The train route became popular with hikers due to a viral social media post.
445,travel,The coastal town extended service to reach the off-season.
446,travel,The coastal town added a new route connecting the historic district.
447,travel,The train route reopened following renovations near two major cities.
448,travel,The mountain trail became popular with hikers due to a viral social media post.
449,travel,The train route extended service to reach a remote archipelago.
450,travel,The train route added a new route connecting scenic overlooks.
451,travel,The island resort extended service to reach the historic district.
452,travel,The budget airline saw a surge in visitors after the historic district.
453,travel,The island resort reopened following renovations near the historic district.
454,travel,The coastal town became popular with hikers due to a remote archipelago.
455,travel,The boutique hotel added a new route connecting a viral social media post.
456,travel,The island resort extended service to reach two major cities.
457,travel,The budget airline extended service to reach scenic overlooks.
458,travel,The coastal town offered discounted packages for the off-season.
459,travel,The boutique hotel reopened following renovations near a viral social media post.
460,travel,The mountain trail reopened following renovations near a remote archipelago.
461,travel,The mountain trail became popular with hikers due to scenic overlooks.
462,travel,The budget airline added a new route connecting a viral social media post.
463,travel,The coastal town became popular with hikers due to two major cities.
464,travel,The island resort added a new route connecting the historic district.
465,travel,The boutique hotel became popular with hikers due to the off-season.
466,travel,The train route added a new route connecting the historic district.
467,travel,The boutique hotel added a new route connecting the historic district.
468,travel,The island resort extended service to reach scenic overlooks.
469,travel,The boutique hotel became popular with hikers due to a remote archipelago.
470,travel,The boutique hotel became popular with hikers due to two major cities.
471,travel,The coastal town saw a surge in visitors after the historic district.
472,travel,The budget airline offered discounted packages for a remote archipelago.
473,travel,The boutique hotel saw a surge in visitors after a viral social media post.
474,travel,The coastal town became popular with hikers due to scenic overlooks.
475,travel,The island resort reopened following renovations near two major cities.
476,travel,The boutique hotel added a new route connecting the off-season.
477,travel,The island resort extended service to reach the off-season.
478,travel,The mountain trail added a new route connecting the off-season.
479,travel,The train route offered discounted packages for a remote archipelago.
480,travel,The budget airline saw a surge in visitors after the off-season.
